insert into Usuario (idUsuario, correo, contrasenia, alias) values (1, 'ebelt0@drupal.org', 'Yq6X7ADg3g', 'Edyth');
insert into Usuario (idUsuario, correo, contrasenia, alias) values (2, 'gtofpik1@pbs.org', '0tYzzN6O', 'Grete');
insert into Usuario (idUsuario, correo, contrasenia, alias) values (3, 'ktomenson2@squidoo.com', 'FrAHmv280', 'Kandy');
insert into Usuario (idUsuario, correo, contrasenia, alias) values (4, 'egaukrodge3@cnet.com', 'FZL91Xa26l', 'Eachelle');
insert into Usuario (idUsuario, correo, contrasenia, alias) values (5, 'mchasson4@github.com', '7m6TtCuZJIye', 'Marion');
insert into Usuario (idUsuario, correo, contrasenia, alias) values (6, 'lleat5@about.me', '3FP3gL', 'Linette');
insert into Usuario (idUsuario, correo, contrasenia, alias) values (7, 'zprawle6@oracle.com', 'jBwxCF6cQ2x', 'Zach');
insert into Usuario (idUsuario, correo, contrasenia, alias) values (8, 'skennler7@elpais.com', 'ys3GOvBDg', 'Sosanna');
insert into Usuario (idUsuario, correo, contrasenia, alias) values (9, 'lmatteini8@mapquest.com', 'BSQ1My81N', 'Laurette');
insert into Usuario (idUsuario, correo, contrasenia, alias) values (10, 'tfiander9@about.com', 'AiR1zabsZF8', 'Trevar');
insert into Usuario (idUsuario, correo, contrasenia, alias) values (11, 'swoolertona@marketwatch.com', 'p6TYaHB', 'Staci');
insert into Usuario (idUsuario, correo, contrasenia, alias) values (12, 'elongb@census.gov', 'Gjs7kLME53', 'Elihu');
insert into Usuario (idUsuario, correo, contrasenia, alias) values (13, 'chulkesc@so-net.ne.jp', 'byL6QwneGTl', 'Claudius');
insert into Usuario (idUsuario, correo, contrasenia, alias) values (14, 'hmcdavidd@jimdo.com', 'TgrRK3xE', 'Halimeda');
insert into Usuario (idUsuario, correo, contrasenia, alias) values (15, 'hgiercke@pagesperso-orange.fr', 'Mcb6CF', 'Hy');

insert into Recetas (idReceta, nombre, descripcion, es_postre, es_saludable, es_bebida, es_sopa, tiempo) values (1, 'China', 'laoreet ut rhoncus aliquet pulvinar sed nisl nunc rhoncus dui vel sem sed sagittis nam congue risus semper porta volutpat quam pede lobortis ligula sit amet eleifend pede libero quis orci nullam molestie nibh in lectus pellentesque at nulla suspendisse potenti cras in purus eu magna vulputate luctus cum sociis natoque penatibus et magnis dis parturient montes nascetur ridiculus mus vivamus vestibulum sagittis sapien cum sociis natoque penatibus et magnis dis parturient montes nascetur ridiculus mus etiam vel augue vestibulum rutrum rutrum neque aenean auctor gravida sem praesent id massa id nisl venenatis lacinia aenean sit amet justo morbi ut odio cras mi pede malesuada in imperdiet et commodo vulputate justo in blandit ultrices enim lorem ipsum dolor sit amet consectetuer adipiscing elit proin interdum mauris non ligula pellentesque ultrices phasellus id sapien in sapien iaculis congue vivamus metus arcu adipiscing molestie hendrerit at', 0, 0, 1, 1, 1);
insert into Recetas (idReceta, nombre, descripcion, es_postre, es_saludable, es_bebida, es_sopa, tiempo) values (2, 'Sweden', 'tortor risus dapibus augue vel accumsan tellus nisi eu orci mauris lacinia sapien quis libero nullam sit amet turpis elementum ligula vehicula consequat morbi a ipsum integer a nibh in quis justo maecenas rhoncus aliquam lacus morbi quis tortor id nulla ultrices aliquet maecenas leo odio condimentum id luctus nec molestie sed justo pellentesque viverra pede ac diam cras pellentesque volutpat dui maecenas tristique est et tempus semper est quam pharetra magna ac consequat metus sapien ut nunc vestibulum ante ipsum primis in faucibus orci luctus et', 0, 0, 1, 1, 0);
insert into Recetas (idReceta, nombre, descripcion, es_postre, es_saludable, es_bebida, es_sopa, tiempo) values (3, 'Sweden', 'amet sem fusce consequat nulla nisl nunc nisl duis bibendum felis sed interdum venenatis turpis enim blandit mi in porttitor pede justo eu massa donec dapibus duis at velit eu est congue elementum in hac habitasse platea dictumst morbi vestibulum velit id pretium iaculis diam erat fermentum justo nec condimentum neque sapien placerat ante nulla justo aliquam quis turpis eget elit sodales scelerisque mauris sit amet eros suspendisse accumsan tortor quis turpis sed ante vivamus tortor duis mattis egestas metus aenean fermentum donec ut mauris eget massa tempor convallis nulla neque libero convallis eget eleifend luctus ultricies eu nibh quisque id justo sit amet sapien', 0, 1, 0, 0, 1);
insert into Recetas (idReceta, nombre, descripcion, es_postre, es_saludable, es_bebida, es_sopa, tiempo) values (4, 'United States', 'nibh in hac habitasse platea dictumst aliquam augue quam sollicitudin vitae consectetuer eget rutrum at lorem integer tincidunt ante vel ipsum praesent blandit lacinia erat vestibulum sed magna at nunc commodo placerat praesent blandit nam nulla integer pede justo lacinia eget tincidunt eget tempus vel pede morbi porttitor lorem id ligula suspendisse ornare consequat lectus in est risus auctor sed tristique in tempus sit amet sem fusce consequat nulla nisl nunc nisl duis bibendum felis sed interdum venenatis turpis enim blandit mi in porttitor pede justo eu massa donec dapibus duis at velit eu est congue elementum in hac habitasse platea dictumst morbi vestibulum velit id pretium iaculis diam erat fermentum justo nec condimentum neque sapien placerat ante nulla justo aliquam quis turpis eget elit sodales scelerisque mauris sit amet eros suspendisse accumsan tortor quis turpis sed ante vivamus tortor duis mattis egestas metus aenean fermentum donec ut mauris eget massa tempor convallis nulla neque libero convallis eget eleifend luctus ultricies eu nibh quisque id justo sit amet', 1, 0, 0, 1, 0);
insert into Recetas (idReceta, nombre, descripcion, es_postre, es_saludable, es_bebida, es_sopa, tiempo) values (5, 'Laos', 'quam suspendisse potenti nullam porttitor lacus at turpis donec posuere metus vitae ipsum aliquam non mauris morbi non lectus aliquam sit amet diam in magna bibendum imperdiet nullam orci pede venenatis non sodales sed tincidunt eu felis fusce posuere felis sed lacus morbi sem mauris laoreet ut rhoncus aliquet pulvinar sed nisl nunc rhoncus dui vel sem sed sagittis nam congue risus semper porta volutpat quam pede lobortis ligula sit amet eleifend pede libero quis orci nullam molestie nibh in lectus pellentesque at nulla suspendisse potenti cras in purus eu magna vulputate luctus cum sociis natoque penatibus et magnis dis parturient montes nascetur ridiculus mus vivamus vestibulum sagittis sapien cum sociis natoque penatibus et magnis dis parturient montes nascetur ridiculus mus etiam vel augue vestibulum rutrum rutrum neque aenean auctor gravida sem praesent id massa id nisl venenatis lacinia aenean', 1, 0, 0, 0, 0);
insert into Recetas (idReceta, nombre, descripcion, es_postre, es_saludable, es_bebida, es_sopa, tiempo) values (6, 'China', 'eros vestibulum ac est lacinia nisi venenatis tristique fusce congue diam id ornare imperdiet sapien urna pretium nisl ut volutpat sapien arcu sed augue aliquam erat volutpat in congue etiam justo etiam pretium iaculis justo in hac habitasse platea dictumst etiam faucibus cursus urna ut tellus nulla ut erat id mauris vulputate elementum nullam varius nulla facilisi cras non velit nec nisi vulputate nonummy maecenas tincidunt lacus at velit vivamus vel nulla eget eros elementum pellentesque quisque porta volutpat erat quisque erat eros viverra eget congue eget semper rutrum nulla nunc purus phasellus in felis donec semper sapien a libero nam dui proin leo odio porttitor id consequat in consequat ut nulla sed accumsan felis ut at dolor quis odio consequat varius integer ac', 0, 0, 1, 1, 0);
insert into Recetas (idReceta, nombre, descripcion, es_postre, es_saludable, es_bebida, es_sopa, tiempo) values (7, 'Moldova', 'sapien sapien non mi integer ac neque duis bibendum morbi non quam nec dui luctus rutrum nulla tellus in sagittis dui vel nisl duis ac nibh fusce lacus purus aliquet at feugiat non pretium quis lectus suspendisse potenti in eleifend quam a odio in hac habitasse platea dictumst maecenas ut massa quis augue luctus tincidunt nulla mollis molestie lorem quisque ut erat curabitur gravida nisi at nibh in hac habitasse platea dictumst aliquam augue quam sollicitudin vitae consectetuer eget rutrum at lorem integer tincidunt ante vel ipsum praesent blandit lacinia erat vestibulum sed magna at nunc commodo placerat praesent blandit nam nulla integer pede justo lacinia eget tincidunt eget tempus vel pede morbi porttitor lorem id ligula suspendisse ornare consequat lectus in est risus auctor sed tristique in tempus sit amet sem fusce consequat nulla nisl nunc nisl duis bibendum felis sed interdum venenatis turpis enim blandit mi in porttitor pede justo eu massa donec dapibus duis at velit eu est congue elementum in hac habitasse platea dictumst morbi vestibulum velit id pretium iaculis', 1, 1, 1, 0, 0);
insert into Recetas (idReceta, nombre, descripcion, es_postre, es_saludable, es_bebida, es_sopa, tiempo) values (8, 'Sweden', 'elit sodales scelerisque mauris sit amet eros suspendisse accumsan tortor quis turpis sed ante vivamus tortor duis mattis egestas metus aenean fermentum donec ut mauris eget massa tempor convallis nulla neque libero convallis eget eleifend luctus ultricies eu nibh quisque id justo sit amet sapien dignissim vestibulum vestibulum ante ipsum primis in faucibus orci luctus et ultrices posuere cubilia curae nulla dapibus dolor vel est donec odio justo sollicitudin ut suscipit a feugiat et eros vestibulum ac est lacinia nisi venenatis tristique fusce congue diam id ornare imperdiet sapien urna pretium nisl ut volutpat sapien arcu sed augue aliquam erat volutpat in congue etiam justo etiam pretium iaculis justo in hac habitasse platea dictumst etiam faucibus cursus urna ut tellus nulla ut erat id mauris vulputate elementum nullam varius nulla facilisi cras non velit nec nisi vulputate nonummy maecenas tincidunt lacus at velit vivamus vel nulla eget eros elementum pellentesque quisque porta volutpat erat quisque erat eros viverra eget congue eget semper rutrum nulla nunc purus phasellus in felis donec semper sapien a libero nam dui proin leo odio porttitor id', 0, 0, 0, 1, 1);
insert into Recetas (idReceta, nombre, descripcion, es_postre, es_saludable, es_bebida, es_sopa, tiempo) values (9, 'Russia', 'eleifend quam a odio in hac habitasse platea dictumst maecenas ut massa quis augue luctus tincidunt nulla mollis molestie lorem quisque ut erat curabitur gravida nisi at nibh in hac habitasse platea dictumst aliquam augue quam sollicitudin vitae consectetuer eget rutrum at lorem integer tincidunt ante vel ipsum praesent blandit lacinia erat vestibulum sed magna at nunc commodo placerat praesent blandit nam nulla integer pede justo lacinia eget tincidunt eget tempus vel pede morbi porttitor lorem id ligula suspendisse ornare consequat lectus in est risus auctor', 1, 1, 0, 0, 1);
insert into Recetas (idReceta, nombre, descripcion, es_postre, es_saludable, es_bebida, es_sopa, tiempo) values (10, 'Indonesia', 'odio in hac habitasse platea dictumst maecenas ut massa quis augue luctus tincidunt nulla mollis molestie lorem quisque ut erat curabitur gravida nisi at nibh in hac habitasse platea dictumst aliquam augue quam sollicitudin vitae consectetuer eget rutrum at lorem integer tincidunt ante vel ipsum praesent blandit lacinia erat vestibulum sed magna at nunc commodo placerat praesent blandit nam nulla integer pede justo lacinia eget tincidunt eget tempus vel pede morbi porttitor lorem id ligula suspendisse ornare consequat lectus in est risus auctor sed tristique in tempus sit amet sem fusce consequat nulla nisl nunc nisl duis bibendum felis sed interdum venenatis turpis enim blandit mi in porttitor pede justo eu massa donec dapibus duis at velit eu est congue elementum in hac habitasse platea dictumst morbi vestibulum velit id pretium iaculis diam erat fermentum justo nec condimentum neque sapien placerat ante nulla', 0, 1, 1, 0, 0);
insert into Recetas (idReceta, nombre, descripcion, es_postre, es_saludable, es_bebida, es_sopa, tiempo) values (11, 'China', 'quam suspendisse potenti nullam porttitor lacus at turpis donec posuere metus vitae ipsum aliquam non mauris morbi non lectus aliquam sit amet diam in magna bibendum imperdiet nullam orci pede venenatis non sodales sed tincidunt eu felis fusce posuere felis sed lacus morbi sem mauris laoreet ut rhoncus aliquet pulvinar sed nisl nunc rhoncus dui vel sem sed sagittis nam congue risus semper porta volutpat quam pede lobortis ligula sit amet eleifend pede libero quis orci nullam molestie nibh in lectus pellentesque at nulla suspendisse potenti cras in purus eu magna vulputate luctus cum sociis natoque penatibus et magnis dis parturient montes nascetur ridiculus mus vivamus vestibulum sagittis sapien cum sociis natoque penatibus et magnis dis parturient montes nascetur ridiculus mus etiam vel augue vestibulum rutrum rutrum neque aenean auctor gravida sem praesent id massa id nisl venenatis lacinia aenean sit amet justo morbi ut odio cras mi pede malesuada in imperdiet et commodo vulputate justo in blandit ultrices enim lorem ipsum dolor sit amet consectetuer adipiscing elit proin interdum mauris non ligula pellentesque ultrices phasellus id sapien in sapien iaculis congue vivamus metus', 0, 1, 1, 0, 0);
insert into Recetas (idReceta, nombre, descripcion, es_postre, es_saludable, es_bebida, es_sopa, tiempo) values (12, 'Russia', 'dictumst etiam faucibus cursus urna ut tellus nulla ut erat id mauris vulputate elementum nullam varius nulla facilisi cras non velit nec nisi vulputate nonummy maecenas tincidunt lacus at velit vivamus vel nulla eget eros elementum pellentesque quisque porta volutpat erat quisque erat eros viverra eget congue eget semper rutrum nulla nunc purus phasellus in felis donec semper sapien a libero nam dui proin leo odio porttitor id consequat in consequat ut nulla sed accumsan felis ut at dolor quis odio consequat varius integer ac leo pellentesque ultrices mattis odio donec vitae nisi nam ultrices libero non mattis pulvinar nulla pede ullamcorper augue a suscipit nulla elit ac nulla sed vel enim', 1, 0, 1, 1, 0);
insert into Recetas (idReceta, nombre, descripcion, es_postre, es_saludable, es_bebida, es_sopa, tiempo) values (13, 'Mexico', 'ridiculus mus etiam vel augue vestibulum rutrum rutrum neque aenean auctor gravida sem praesent id massa id nisl venenatis lacinia aenean sit amet justo morbi ut odio cras mi pede malesuada in imperdiet et commodo vulputate justo in blandit ultrices enim lorem ipsum dolor sit amet consectetuer adipiscing elit proin interdum mauris non ligula pellentesque ultrices phasellus id sapien in sapien iaculis congue vivamus metus arcu adipiscing molestie hendrerit at vulputate vitae nisl aenean lectus pellentesque eget nunc donec quis orci eget orci vehicula condimentum curabitur in libero ut massa volutpat convallis morbi odio odio elementum eu interdum eu tincidunt in leo maecenas pulvinar lobortis est phasellus sit amet erat nulla tempus vivamus', 1, 0, 1, 0, 0);
insert into Recetas (idReceta, nombre, descripcion, es_postre, es_saludable, es_bebida, es_sopa, tiempo) values (14, 'Thailand', 'imperdiet et commodo vulputate justo in blandit ultrices enim lorem ipsum dolor sit amet consectetuer adipiscing elit proin interdum mauris non ligula pellentesque ultrices phasellus id sapien in sapien iaculis congue vivamus metus arcu adipiscing molestie hendrerit at vulputate vitae nisl aenean lectus pellentesque eget nunc donec quis orci eget orci vehicula condimentum curabitur in libero ut massa volutpat convallis morbi odio odio elementum eu interdum eu tincidunt in leo maecenas pulvinar lobortis est phasellus sit amet erat nulla tempus vivamus in felis eu sapien cursus vestibulum proin eu mi nulla ac enim in tempor turpis nec euismod scelerisque quam turpis adipiscing lorem vitae mattis nibh ligula nec sem duis aliquam convallis nunc proin at turpis a pede posuere nonummy integer non velit donec diam', 0, 1, 1, 0, 1);
insert into Recetas (idReceta, nombre, descripcion, es_postre, es_saludable, es_bebida, es_sopa, tiempo) values (15, 'Portugal', 'magna vestibulum aliquet ultrices erat tortor sollicitudin mi sit amet lobortis sapien sapien non mi integer ac neque duis bibendum morbi non quam nec dui luctus rutrum nulla tellus in sagittis dui vel nisl duis ac nibh fusce lacus purus aliquet at feugiat non pretium quis lectus suspendisse potenti in eleifend quam a odio in hac habitasse platea dictumst maecenas ut massa quis augue luctus tincidunt nulla mollis molestie lorem quisque ut erat curabitur gravida nisi at nibh in hac habitasse platea dictumst aliquam augue quam sollicitudin vitae consectetuer eget rutrum at lorem integer tincidunt ante vel ipsum praesent blandit lacinia erat vestibulum sed magna at nunc commodo placerat praesent blandit nam nulla integer pede justo lacinia eget tincidunt eget tempus vel pede morbi porttitor lorem id ligula suspendisse ornare consequat lectus in est risus auctor sed tristique in tempus sit amet sem fusce consequat nulla nisl nunc nisl duis', 1, 0, 1, 0, 1);

insert into Usuario_has_Recetas (idUsuario, idRecetas) values (9, 13);
insert into Usuario_has_Recetas (idUsuario, idRecetas) values (7, 9);
insert into Usuario_has_Recetas (idUsuario, idRecetas) values (2, 3);
insert into Usuario_has_Recetas (idUsuario, idRecetas) values (2, 6);
insert into Usuario_has_Recetas (idUsuario, idRecetas) values (13, 15);
insert into Usuario_has_Recetas (idUsuario, idRecetas) values (6, 4);
insert into Usuario_has_Recetas (idUsuario, idRecetas) values (8, 6);
insert into Usuario_has_Recetas (idUsuario, idRecetas) values (2, 10);
insert into Usuario_has_Recetas (idUsuario, idRecetas) values (2, 11);
insert into Usuario_has_Recetas (idUsuario, idRecetas) values (13, 9);
insert into Usuario_has_Recetas (idUsuario, idRecetas) values (11, 12);
insert into Usuario_has_Recetas (idUsuario, idRecetas) values (3, 15);
insert into Usuario_has_Recetas (idUsuario, idRecetas) values (11, 13);
insert into Usuario_has_Recetas (idUsuario, idRecetas) values (3, 1);
insert into Usuario_has_Recetas (idUsuario, idRecetas) values (15, 12);
